segment,users,revenue,revenue_share
At Risk,60,4970612.74,0.18597335007676352
Dormant,172,3805696.82,0.14238851908464822
Loyal,137,10579983.21,0.39584554746858236
New,31,892468.09,0.03339131193992604
Other,62,2695267.69,0.10084228804011791
VIP,38,3783525.36,0.14155898338996184
